{
  "page": 20,
  "width": 1200.0,
  "height": 628.0,
  "texts": [
    {
      "text": "Appendix: Sample and methodology",
      "x": 53.4,
      "y": 276.8,
      "w": 740.6,
      "h": 56.6,
      "font": "HendersonBCGSans-Bold",
      "size": 44.0,
      "color": "#ffffff",
      "flags": 16
    }
  ],
  "drawings": [
    {
      "type": "f",
      "x": 0.0,
      "y": 0.0,
      "w": 1200.0,
      "h": 628.0,
      "fill": "(0.9429922699928284, 0.9389944076538086, 0.9369955062866211)",
      "color": null,
      "stroke_opacity": null,
      "fill_opacity": 1.0
    },
    {
      "type": "f",
      "x": 0.2,
      "y": 0.0,
      "w": 1199.6,
      "h": 628.0,
      "fill": "(0.9429922699928284, 0.9389944076538086, 0.9369955062866211)",
      "color": null,
      "stroke_opacity": null,
      "fill_opacity": 1.0
    },
    {
      "type": "f",
      "x": 0.0,
      "y": 0.0,
      "w": 1200.0,
      "h": 628.0,
      "fill": "(0.1289997696876526, 0.7489891052246094, 0.3799954354763031)",
      "color": null,
      "stroke_opacity": null,
      "fill_opacity": 1.0
    }
  ],
  "images": []
}